driverId,driverRef,number,code,forename,surname,dob,nationality,nRaces,nRacesWon,nPodiums,h2hrW,h2hrL
1,hamilton,44,HAM,Lewis,Hamilton,1985-01-07,British,356,105,202,214,139
2,heidfeld,\N,HEI,Nick,Heidfeld,1977-05-10,German,184,0,13,93,68
3,rosberg,6,ROS,Nico,Rosberg,1985-06-27,German,206,23,57,108,88
4,alonso,14,ALO,Fernando,Alonso,1981-07-29,Spanish,404,32,106,266,118
5,kovalainen,\N,KOV,Heikki,Kovalainen,1981-10-19,Finnish,112,1,4,55,50
6,nakajima,\N,NAK,Kazuki,Nakajima,1985-01-11,Japanese,36,0,0,9,26
7,bourdais,\N,BOU,Sébastien,Bourdais,1979-02-28,French,27,0,0,7,17
8,raikkonen,7,RAI,Kimi,Räikkönen,1979-10-17,Finnish,352,21,103,175,164
9,kubica,88,KUB,Robert,Kubica,1984-12-07,Polish,99,1,12,46,51
10,glock,\N,GLO,Timo,Glock,1982-03-18,German,95,0,3,50,39
11,sato,\N,SAT,Takuma,Sato,1977-01-28,Japanese,91,0,1,32,43
12,piquet_jr,\N,PIQ,Nelson,Piquet Jr.,1985-07-25,Brazilian,28,0,1,5,21
13,massa,19,MAS,Felipe,Massa,1981-04-25,Brazilian,271,11,41,101,164
14,coulthard,\N,COU,David,Coulthard,1971-03-27,British,247,13,62,96,125
15,trulli,\N,TRU,Jarno,Trulli,1974-07-13,Italian,256,1,11,110,113
16,sutil,99,SUT,Adrian,Sutil,1983-01-11,German,128,0,0,55,58
17,webber,\N,WEB,Mark,Webber,1976-08-27,Australian,217,9,42,96,98
18,button,22,BUT,Jenson,Button,1980-01-19,British,309,15,50,161,120
19,davidson,\N,DAV,Anthony,Davidson,1979-04-18,British,24,0,0,7,14
20,vettel,5,VET,Sebastian,Vettel,1987-07-03,German,300,53,122,178,112
21,fisichella,\N,FIS,Giancarlo,Fisichella,1973-01-14,Italian,231,3,19,99,102
22,barrichello,\N,BAR,Rubens,Barrichello,1972-05-23,Brazilian,326,11,68,121,160
23,ralf_schumacher,\N,SCH,Ralf,Schumacher,1975-06-30,German,180,6,27,80,79
24,liuzzi,\N,LIU,Vitantonio,Liuzzi,1980-08-06,Italian,81,0,0,35,36
25,wurz,\N,WUR,Alexander,Wurz,1974-02-15,Austrian,69,0,3,27,35
26,speed,\N,SPE,Scott,Speed,1983-01-24,American,28,0,0,11,12
27,albers,\N,ALB,Christijan,Albers,1979-04-16,Dutch,46,0,0,20,17
28,markus_winkelhock,\N,WIN,Markus,Winkelhock,1980-06-13,German,1,0,0,0,0
29,yamamoto,\N,YAM,Sakon,Yamamoto,1982-07-09,Japanese,21,0,0,5,13
30,michael_schumacher,\N,MSC,Michael,Schumacher,1969-01-03,German,308,91,155,193,100
31,montoya,\N,MON,Juan,Pablo Montoya,1975-09-20,Colombian,95,7,30,43,41
32,klien,\N,KLI,Christian,Klien,1983-02-07,Austrian,51,0,0,15,28
33,monteiro,\N,TMO,Tiago,Monteiro,1976-07-24,Portuguese,37,0,1,19,15
34,ide,\N,IDE,Yuji,Ide,1975-01-21,Japanese,4,0,0,0,3
35,villeneuve,\N,VIL,Jacques,Villeneuve,1971-04-09,Canadian,165,11,23,68,73
36,montagny,\N,FMO,Franck,Montagny,1978-01-05,French,7,0,0,2,3
37,rosa,\N,DLR,Pedro,de la Rosa,1971-02-24,Spanish,107,0,1,37,38
38,doornbos,\N,DOO,Robert,Doornbos,1981-09-23,Dutch,11,0,0,6,4
39,karthikeyan,\N,KAR,Narain,Karthikeyan,1977-01-14,Indian,48,0,0,14,30
40,friesacher,\N,FRI,Patrick,Friesacher,1980-09-26,Austrian,11,0,0,2,6
41,zonta,\N,ZON,Ricardo,Zonta,1976-03-23,Brazilian,38,0,0,10,19
42,pizzonia,\N,PIZ,Antônio,Pizzonia,1980-09-11,Brazilian,20,0,0,2,13
43,matta,\N,\N,Cristiano,da Matta,1973-09-19,Brazilian,28,0,0,15,9
44,panis,\N,\N,Olivier,Panis,1966-09-02,French,158,1,5,69,62
45,pantano,\N,\N,Giorgio,Pantano,1979-02-04,Italian,14,0,0,3,8
46,bruni,\N,\N,Gianmaria,Bruni,1981-05-30,Italian,18,0,0,7,8
47,baumgartner,\N,\N,Zsolt,Baumgartner,1981-01-01,Hungarian,20,0,0,8,8
48,gene,\N,\N,Marc,Gené,1974-03-29,Spanish,36,0,0,17,13
49,frentzen,\N,\N,Heinz-Harald,Frentzen,1967-05-18,German,159,3,18,73,50
50,verstappen,\N,\N,Jos,Verstappen,1972-03-04,Dutch,107,0,2,37,38
51,wilson,\N,\N,Justin,Wilson,1978-07-31,British,16,0,0,5,8
52,firman,\N,\N,Ralph,Firman,1975-05-20,Irish,14,0,0,7,5
53,kiesa,\N,\N,Nicolas,Kiesa,1978-03-03,Danish,5,0,0,2,3
54,burti,\N,\N,Luciano,Burti,1975-03-05,Brazilian,15,0,0,5,8
55,alesi,\N,\N,Jean,Alesi,1964-06-11,French,202,1,32,93,65
56,irvine,\N,\N,Eddie,Irvine,1965-11-10,British,147,4,26,48,72
57,hakkinen,\N,\N,Mika,Häkkinen,1968-09-28,Finnish,165,20,51,79,53
58,marques,\N,\N,Tarso,Marques,1976-01-19,Brazilian,26,0,0,7,11
59,bernoldi,\N,\N,Enrique,Bernoldi,1978-10-19,Brazilian,29,0,0,5,15
60,mazzacane,\N,\N,Gastón,Mazzacane,1975-05-08,Argentine,21,0,0,7,13
61,enge,\N,\N,Tomáš,Enge,1976-09-11,Czech,3,0,0,1,2
62,yoong,\N,\N,Alex,Yoong,1976-07-20,Malaysian,16,0,0,1,11
63,salo,\N,\N,Mika,Salo,1966-11-30,Finnish,111,0,2,57,24
64,diniz,\N,\N,Pedro,Diniz,1970-05-22,Brazilian,99,0,0,24,42
65,herbert,\N,\N,Johnny,Herbert,1964-06-25,British,165,3,7,58,73
66,mcnish,\N,\N,Allan,McNish,1969-12-29,British,17,0,0,5,8
67,buemi,\N,BUE,Sébastien,Buemi,1988-10-31,Swiss,55,0,0,25,26
68,takagi,\N,\N,Toranosuke,Takagi,1974-02-12,Japanese,32,0,0,7,7
69,badoer,\N,BAD,Luca,Badoer,1971-01-25,Italian,58,0,0,15,21
70,zanardi,\N,\N,Alessandro,Zanardi,1966-10-23,Italian,44,0,0,9,26
71,damon_hill,\N,\N,Damon,Hill,1960-09-17,British,122,22,42,53,47
72,sarrazin,\N,\N,Stéphane,Sarrazin,1975-11-02,French,1,0,0,0,1
73,rosset,\N,\N,Ricardo,Rosset,1968-07-27,Brazilian,30,0,0,9,9
74,tuero,\N,\N,Esteban,Tuero,1978-04-22,Argentine,16,0,0,3,10
75,nakano,\N,\N,Shinji,Nakano,1971-04-01,Japanese,33,0,0,12,15
76,magnussen,\N,MAG,Jan,Magnussen,1973-07-04,Danish,25,0,0,5,7
77,berger,\N,\N,Gerhard,Berger,1959-08-27,Austrian,210,10,48,80,87
78,larini,\N,\N,Nicola,Larini,1964-03-19,Italian,75,0,1,18,8
79,katayama,\N,\N,Ukyo,Katayama,1963-05-29,Japanese,97,0,0,23,39
80,sospiri,\N,\N,Vincenzo,Sospiri,1966-10-07,Italian,1,0,0,0,0
81,morbidelli,\N,\N,Gianni,Morbidelli,1968-01-13,Italian,70,0,1,21,33
82,fontana,\N,\N,Norberto,Fontana,1975-01-20,Argentine,4,0,0,2,2
83,lamy,\N,\N,Pedro,Lamy,1972-03-20,Portuguese,32,0,0,13,11
84,brundle,\N,\N,Martin,Brundle,1959-06-01,British,165,0,9,57,57
85,montermini,\N,\N,Andrea,Montermini,1964-05-30,Italian,28,0,0,4,6
86,lavaggi,\N,\N,Giovanni,Lavaggi,1958-02-18,Italian,10,0,0,2,5
87,blundell,\N,\N,Mark,Blundell,1966-04-08,British,63,0,3,21,23
88,suzuki,\N,\N,Aguri,Suzuki,1960-09-08,Japanese,88,0,1,16,34
89,inoue,\N,\N,Taki,Inoue,1963-09-05,Japanese,18,0,0,3,9
90,moreno,\N,\N,Roberto,Moreno,1959-02-11,Brazilian,74,0,1,9,17
91,wendlinger,\N,\N,Karl,Wendlinger,1968-12-20,Austrian,42,0,0,14,15
92,gachot,\N,\N,Bertrand,Gachot,1962-12-23,Belgian,84,0,0,10,13
93,schiattarella,\N,\N,Domenico,Schiattarella,1967-11-17,Italian,7,0,0,2,1
94,martini,\N,\N,Pierluigi,Martini,1961-04-23,Italian,123,0,0,46,27
95,mansell,\N,\N,Nigel,Mansell,1953-08-08,British,192,31,59,72,78
96,boullion,\N,\N,Jean-Christophe,Boullion,1969-12-27,French,11,0,0,1,8
97,papis,\N,\N,Massimiliano,Papis,1969-10-03,Italian,7,0,0,2,2
98,deletraz,\N,\N,Jean-Denis,Délétraz,1963-10-01,Swiss,3,0,0,1,0
99,tarquini,\N,\N,Gabriele,Tarquini,1962-03-02,Italian,78,0,0,6,5
100,comas,\N,\N,Érik,Comas,1963-09-28,French,63,0,0,26,22
101,brabham,\N,\N,David,Brabham,1965-09-05,Australian,30,0,0,5,11
102,senna,\N,\N,Ayrton,Senna,1960-03-21,Brazilian,162,41,80,92,41
103,bernard,\N,\N,Éric,Bernard,1964-08-24,French,47,0,1,12,16
104,fittipaldi,\N,\N,Christian,Fittipaldi,1971-01-18,Brazilian,43,0,0,21,10
105,alboreto,\N,\N,Michele,Alboreto,1956-12-23,Italian,215,5,23,70,83
106,beretta,\N,\N,Olivier,Beretta,1969-11-23,Monegasque,10,0,0,2,5
107,ratzenberger,\N,\N,Roland,Ratzenberger,1960-07-04,Austrian,3,0,0,1,1
108,belmondo,\N,\N,Paul,Belmondo,1963-04-23,French,27,0,0,2,3
109,lehto,\N,\N,Jyrki,Järvilehto,1966-01-31,Finnish,70,0,1,17,29
110,cesaris,\N,\N,Andrea,de Cesaris,1959-05-31,Italian,214,0,5,53,57
111,gounon,\N,\N,Jean-Marc,Gounon,1963-01-01,French,9,0,0,3,3
112,alliot,\N,\N,Philippe,Alliot,1954-07-27,French,115,0,0,24,39
113,adams,\N,\N,Philippe,Adams,1969-11-19,Belgian,2,0,0,0,2
114,dalmas,\N,\N,Yannick,Dalmas,1961-07-28,French,50,0,0,14,6
115,noda,\N,\N,Hideki,Noda,1969-03-07,Japanese,3,0,0,0,1
116,lagorce,\N,\N,Franck,Lagorce,1968-09-01,French,2,0,0,0,2
117,prost,\N,\N,Alain,Prost,1955-02-24,French,202,51,106,109,60
118,warwick,\N,\N,Derek,Warwick,1954-08-27,British,162,0,4,50,37
119,patrese,\N,\N,Riccardo,Patrese,1954-04-17,Italian,257,6,37,80,92
120,barbazza,\N,\N,Fabrizio,Barbazza,1963-04-02,Italian,20,0,0,2,5
121,andretti,\N,\N,Michael,Andretti,1962-10-05,American,13,0,1,2,9
122,capelli,\N,\N,Ivan,Capelli,1963-05-24,Italian,98,0,3,17,24
123,boutsen,\N,\N,Thierry,Boutsen,1957-07-13,Belgian,164,3,15,73,57
124,apicella,\N,\N,Marco,Apicella,1965-10-07,Italian,1,0,0,0,0
125,naspetti,\N,\N,Emanuele,Naspetti,1968-02-24,Italian,6,0,0,2,4
126,toshio_suzuki,\N,\N,Toshio,Suzuki,1955-03-10,Japanese,2,0,0,1,1
127,gugelmin,\N,\N,Maurício,Gugelmin,1963-04-20,Brazilian,80,0,1,27,17
128,poele,\N,\N,Eric,van de Poele,1961-09-30,Belgian,29,0,0,3,4
129,grouillard,\N,\N,Olivier,Grouillard,1958-09-02,French,62,0,0,8,12
130,chiesa,\N,\N,Andrea,Chiesa,1964-05-06,Swiss,10,0,0,0,1
131,modena,\N,\N,Stefano,Modena,1963-05-12,Italian,81,0,2,27,14
132,amati,\N,\N,Giovanna,Amati,1959-07-20,Italian,3,0,0,0,1
133,caffi,\N,\N,Alex,Caffi,1964-03-18,Italian,75,0,0,16,11
134,bertaggia,\N,\N,Enrico,Bertaggia,1964-09-19,Italian,6,0,0,0,0
135,mccarthy,\N,\N,Perry,McCarthy,1961-03-03,British,7,0,0,0,0
136,lammers,\N,\N,Jan,Lammers,1956-06-02,Dutch,41,0,0,6,8
137,piquet,\N,\N,Nelson,Piquet,1952-08-17,Brazilian,207,23,60,102,56
138,satoru_nakajima,\N,\N,Satoru,Nakajima,1953-02-23,Japanese,80,0,0,13,47
139,pirro,\N,\N,Emanuele,Pirro,1962-01-12,Italian,40,0,0,13,9
140,johansson,\N,\N,Stefan,Johansson,1956-09-08,Swedish,103,0,12,27,29
141,bailey,\N,\N,Julian,Bailey,1961-10-09,British,20,0,0,2,10
142,chaves,\N,\N,Pedro,Chaves,1965-02-27,Portuguese,13,0,0,0,0
143,bartels,\N,\N,Michael,Bartels,1968-03-08,German,4,0,0,0,2
144,hattori,\N,\N,Naoki,Hattori,1966-06-13,Japanese,2,0,0,0,0
145,nannini,\N,\N,Alessandro,Nannini,1959-07-07,Italian,77,1,9,20,25
146,schneider,\N,\N,Bernd,Schneider,1964-07-20,German,32,0,0,2,4
147,barilla,\N,\N,Paolo,Barilla,1961-04-20,Italian,15,0,0,3,5
148,foitek,\N,\N,Gregor,Foitek,1965-03-27,Swiss,22,0,0,2,2
149,langes,\N,\N,Claudio,Langes,1960-07-20,Italian,14,0,0,0,1
150,gary_brabham,\N,\N,Gary,Brabham,1961-03-29,Australian,2,0,0,0,0
151,donnelly,\N,\N,Martin,Donnelly,1964-03-26,British,15,0,0,1,7
152,giacomelli,\N,\N,Bruno,Giacomelli,1952-09-10,Italian,82,0,1,13,23
153,alguersuari,\N,ALG,Jaime,Alguersuari,1990-03-23,Spanish,46,0,0,23,20
154,grosjean,8,GRO,Romain,Grosjean,1986-04-17,French,181,0,10,72,95
155,kobayashi,10,KOB,Kamui,Kobayashi,1986-09-13,Japanese,76,0,1,39,26
156,palmer,\N,\N,Jonathan,Palmer,1956-11-07,British,88,0,0,36,17
157,danner,\N,\N,Christian,Danner,1958-04-04,German,47,0,0,11,6
158,cheever,\N,\N,Eddie,Cheever,1958-01-10,American,143,0,9,34,45
159,sala,\N,\N,Luis,Pérez-Sala,1959-05-15,Spanish,32,0,0,6,11
160,ghinzani,\N,\N,Piercarlo,Ghinzani,1952-01-16,Italian,111,0,0,9,15
161,weidler,\N,\N,Volker,Weidler,1962-03-18,German,10,0,0,0,4
162,raphanel,\N,\N,Pierre-Henri,Raphanel,1961-05-27,French,17,0,0,0,1
163,arnoux,\N,\N,René,Arnoux,1948-07-04,French,164,7,22,55,49
164,joachim_winkelhock,\N,\N,Joachim,Winkelhock,1960-10-24,German,7,0,0,0,3
165,larrauri,\N,\N,Oscar,Larrauri,1954-08-19,Argentine,21,0,0,2,5
166,streiff,\N,\N,Philippe,Streiff,1955-06-26,French,54,0,1,13,21
167,campos,\N,\N,Adrián,Campos,1960-06-17,Spanish,21,0,0,1,6
168,schlesser,\N,\N,Jean-Louis,Schlesser,1948-09-12,French,2,0,0,0,1
169,fabre,\N,\N,Pascal,Fabre,1960-01-09,French,12,0,0,0,0
170,fabi,\N,\N,Teo,Fabi,1955-03-09,Italian,71,0,2,13,19
171,forini,\N,\N,Franco,Forini,1958-09-22,Swiss,2,0,0,0,0
172,laffite,\N,\N,Jacques,Laffite,1943-11-21,French,180,6,32,41,45
173,angelis,\N,\N,Elio,de Angelis,1958-03-26,Italian,110,2,9,46,34
174,dumfries,\N,\N,Johnny,Dumfries,1958-04-26,British,16,0,0,2,10
175,tambay,\N,\N,Patrick,Tambay,1949-06-25,French,122,2,11,36,45
176,surer,\N,\N,Marc,Surer,1951-09-18,Swiss,88,0,0,27,25
177,keke_rosberg,\N,\N,Keke,Rosberg,1948-12-06,Finnish,128,5,17,40,43
178,jones,\N,\N,Alan,Jones,1946-11-02,Australian,117,12,24,45,31
179,rothengatter,\N,\N,Huub,Rothengatter,1954-10-08,Dutch,28,0,0,2,7
180,berg,\N,\N,Allen,Berg,1961-08-01,Canadian,9,0,0,3,1
181,manfred_winkelhock,\N,\N,Manfred,Winkelhock,1951-10-06,German,55,0,0,4,7
182,lauda,\N,\N,Niki,Lauda,1949-02-22,Austrian,174,25,54,66,79
183,hesnault,\N,\N,François,Hesnault,1956-12-30,French,20,0,0,2,7
184,baldi,\N,\N,Mauro,Baldi,1954-01-31,Italian,41,0,0,11,12
185,bellof,\N,\N,Stefan,Bellof,1957-11-20,German,22,0,0,6,4
186,acheson,\N,\N,Kenny,Acheson,1957-11-27,British,9,0,0,0,0
187,watson,\N,\N,John,Watson,1946-05-04,British,154,5,20,49,53
188,cecotto,\N,\N,Johnny,Cecotto,1956-01-25,Venezuelan,23,0,0,6,7
189,gartner,\N,\N,Jo,Gartner,1954-01-24,Austrian,8,0,0,3,1
190,corrado_fabi,\N,\N,Corrado,Fabi,1961-04-12,Italian,18,0,0,3,1
191,thackwell,\N,\N,Mike,Thackwell,1961-03-30,New Zealander,5,0,0,0,2
192,serra,\N,\N,Chico,Serra,1957-02-03,Brazilian,32,0,0,3,5
193,sullivan,\N,\N,Danny,Sullivan,1950-03-09,American,15,0,0,6,5
194,salazar,\N,\N,Eliseo,Salazar,1954-11-14,Chilean,37,0,0,4,3
195,guerrero,\N,\N,Roberto,Guerrero,1958-11-16,Colombian,29,0,0,2,6
196,boesel,\N,\N,Raul,Boesel,1957-12-04,Brazilian,30,0,0,7,13
197,jarier,\N,\N,Jean-Pierre,Jarier,1946-07-10,French,143,0,3,41,50
198,villeneuve_sr,\N,\N,Jacques,Villeneuve Sr.,1953-11-04,Canadian,3,0,0,0,1
199,reutemann,\N,\N,Carlos,Reutemann,1942-04-12,Argentine,146,12,45,63,70
200,mass,\N,\N,Jochen,Mass,1946-09-30,German,114,1,8,38,46
201,borgudd,\N,\N,Slim,Borgudd,1946-11-25,Swedish,15,0,0,1,3
202,pironi,\N,\N,Didier,Pironi,1952-03-26,French,72,3,13,29,26
203,gilles_villeneuve,\N,\N,Gilles,Villeneuve,1950-01-18,Canadian,68,6,13,28,29
204,paletti,\N,\N,Riccardo,Paletti,1958-06-15,Italian,8,0,0,0,2
205,henton,\N,\N,Brian,Henton,1946-09-19,British,37,0,0,6,13
206,daly,\N,\N,Derek,Daly,1953-03-11,Irish,64,0,0,10,18
207,mario_andretti,\N,\N,Mario,Andretti,1940-02-28,American,129,12,19,40,49
208,villota,\N,\N,Emilio,de Villota,1946-07-26,Spanish,14,0,0,0,10
209,lees,\N,\N,Geoff,Lees,1951-05-01,British,12,0,0,3,1
210,byrne,\N,\N,Tommy,Byrne,1958-05-06,Irish,5,0,0,0,0
211,keegan,\N,\N,Rupert,Keegan,1955-02-26,British,37,0,0,7,15
212,rebaque,\N,\N,Hector,Rebaque,1956-02-05,Mexican,58,0,0,4,42
213,gabbiani,\N,\N,Beppe,Gabbiani,1957-01-02,Italian,17,0,0,0,5
214,cogan,\N,\N,Kevin,Cogan,1956-03-31,American,2,0,0,0,2
215,guerra,\N,\N,Miguel Ángel,Guerra,1953-08-31,Argentine,4,0,0,0,0
216,stohr,\N,\N,Siegfried,Stohr,1952-10-10,Italian,13,0,0,2,5
217,zunino,\N,\N,Ricardo,Zunino,1949-04-13,Argentine,11,0,0,4,5
218,londono,\N,\N,Ricardo,Londoño,1949-08-08,Colombian,1,0,0,0,1
219,jabouille,\N,\N,Jean-Pierre,Jabouille,1942-10-01,French,55,2,2,4,17
220,francia,\N,\N,Giorgio,Francia,1947-11-08,Italian,2,0,0,0,0
221,depailler,\N,\N,Patrick,Depailler,1944-08-09,French,95,2,19,33,44
222,scheckter,\N,\N,Jody,Scheckter,1950-01-29,South African,113,10,33,40,38
223,regazzoni,\N,\N,Clay,Regazzoni,1939-09-05,Swiss,138,5,28,38,60
224,emerson_fittipaldi,\N,\N,Emerson,Fittipaldi,1946-12-12,Brazilian,149,14,35,50,29
225,kennedy,\N,\N,Dave,Kennedy,1953-01-15,Irish,7,0,0,0,1
226,south,\N,\N,Stephen,South,1952-02-19,British,1,0,0,0,1
227,needell,\N,\N,Tiff,Needell,1951-10-29,British,2,0,0,0,0
228,desire_wilson,\N,\N,Desiré,Wilson,1953-11-26,South African,1,0,0,0,1
229,ertl,\N,\N,Harald,Ertl,1948-08-31,Austrian,29,0,0,5,12
230,brambilla,\N,\N,Vittorio,Brambilla,1937-11-11,Italian,78,1,1,29,18
231,hunt,\N,\N,James,Hunt,1947-08-29,British,93,10,23,32,26
232,merzario,\N,\N,Arturo,Merzario,1943-03-11,Italian,84,0,0,6,19
233,stuck,\N,\N,Hans-Joachim,Stuck,1951-01-01,German,81,0,2,15,27
234,brancatelli,\N,\N,Gianfranco,Brancatelli,1950-01-18,Italian,3,0,0,0,0
235,ickx,\N,\N,Jacky,Ickx,1945-01-01,Belgian,121,8,25,42,40
236,gaillard,\N,\N,Patrick,Gaillard,1952-02-12,French,5,0,0,0,0
237,ribeiro,\N,\N,Alex,Ribeiro,1948-11-07,Brazilian,20,0,0,4,11
238,peterson,\N,\N,Ronnie,Peterson,1944-02-14,Swedish,123,10,26,51,51
239,lunger,\N,\N,Brett,Lunger,1945-11-14,American,42,0,0,8,29
240,ongais,\N,\N,Danny,Ongais,1942-05-21,American,6,0,0,0,1
241,leoni,\N,\N,Lamberto,Leoni,1953-05-24,Italian,5,0,0,0,0
242,galica,\N,\N,Divina,Galica,1944-08-13,British,3,0,0,0,1
243,stommelen,\N,\N,Rolf,Stommelen,1943-07-11,German,61,0,1,12,36
244,colombo,\N,\N,Alberto,Colombo,1946-02-23,Italian,3,0,0,0,2
245,trimmer,\N,\N,Tony,Trimmer,1943-01-24,British,6,0,0,0,2
246,binder,\N,\N,Hans,Binder,1948-06-12,Austrian,15,0,0,5,5
247,bleekemolen,\N,\N,Michael,Bleekemolen,1949-10-02,Dutch,5,0,0,0,1
248,gimax,\N,\N,Carlo,Franchi,1938-01-01,Italian,1,0,0,0,0
249,rahal,\N,\N,Bobby,Rahal,1953-01-10,American,2,0,0,0,2
250,pace,\N,\N,Carlos,Pace,1944-10-06,Brazilian,73,1,6,26,30
251,ian_scheckter,\N,\N,Ian,Scheckter,1947-08-22,South African,20,0,0,3,13
252,pryce,\N,\N,Tom,Pryce,1949-06-11,British,42,0,2,19,11
253,hoffmann,\N,\N,Ingo,Hoffmann,1953-02-28,Brazilian,6,0,0,1,3
254,zorzi,\N,\N,Renzo,Zorzi,1946-12-12,Italian,7,0,0,2,0
255,nilsson,\N,\N,Gunnar,Nilsson,1948-11-20,Swedish,32,1,4,8,14
256,perkins,\N,\N,Larry,Perkins,1950-03-18,Australian,15,0,0,0,3
257,hayje,\N,\N,Boy,Lunger,1949-05-03,Dutch,7,0,0,0,5
258,neve,\N,\N,Patrick,Nève,1949-10-13,Belgian,13,0,0,5,6
259,purley,\N,\N,David,Purley,1945-01-26,British,11,0,0,2,3
260,andersson,\N,\N,Conny,Andersson,1939-12-28,Swedish,5,0,0,0,1
261,dryver,\N,\N,Bernard,de Dryver,1952-09-19,Belgian,1,0,0,0,1
262,oliver,\N,\N,Jackie,Oliver,1942-08-14,British,51,0,2,10,28
263,kozarowitzky,\N,\N,Mikko,Kozarowitzky,1948-05-17,Finnish,2,0,0,0,2
264,sutcliffe,\N,\N,Andy,Sutcliffe,1947-05-09,British,1,0,0,0,1
265,edwards,\N,\N,Guy,Edwards,1942-12-30,British,16,0,0,4,8
266,mcguire,\N,\N,Brian,McGuire,1945-12-13,Australian,1,0,0,0,0
267,schuppan,\N,\N,Vern,Schuppan,1943-03-19,Australian,12,0,0,0,5
268,heyer,\N,\N,Hans,Heyer,1943-03-16,German,1,0,0,0,0
269,pilette,\N,\N,Teddy,Pilette,1942-07-26,Belgian,4,0,0,0,1
270,ashley,\N,\N,Ian,Ashley,1947-10-26,British,11,0,0,0,6
271,kessel,\N,\N,Loris,Kessel,1950-04-01,Swiss,6,0,0,1,1
272,takahashi,\N,\N,Kunimitsu,Takahashi,1940-01-29,Japanese,1,0,0,0,1
273,hoshino,\N,\N,Kazuyoshi,Hoshino,1947-07-01,Japanese,2,0,0,1,1
274,takahara,\N,\N,Noritake,Takahara,1951-06-06,Japanese,2,0,0,0,2
275,lombardi,\N,\N,Lella,Lombardi,1941-03-26,Italian,17,0,0,4,5
276,evans,\N,\N,Bob,Evans,1947-06-11,British,12,0,0,1,0
277,leclere,\N,\N,Michel,Leclère,1946-03-18,French,8,0,0,3,3
278,amon,\N,\N,Chris,Amon,1943-07-20,New Zealander,106,0,11,21,22
279,zapico,\N,\N,Emilio,Zapico,1944-05-27,Spanish,1,0,0,0,0
280,pescarolo,\N,\N,Henri,Pescarolo,1942-09-25,French,59,0,1,10,38
281,nelleman,\N,\N,Jac,Nelleman,1944-04-19,Danish,1,0,0,0,0
282,magee,\N,\N,Damien,Magee,1945-11-17,British,2,0,0,1,0
283,wilds,\N,\N,Mike,Wilds,1946-01-07,British,8,0,0,0,1
284,pesenti_rossi,\N,\N,Alessandro,Pesenti-Rossi,1942-08-31,Italian,4,0,0,1,3
285,stuppacher,\N,\N,Otto,Stuppacher,1947-03-03,Austrian,3,0,0,0,3
286,brown,\N,\N,Warwick,Brown,1949-12-24,Australian,1,0,0,1,0
287,hasemi,\N,\N,Masahiro,Hasemi,1945-11-13,Japanese,1,0,0,0,0
288,donohue,\N,\N,Mark,Donohue,1937-03-18,American,15,0,1,2,2
289,hill,\N,\N,Graham,Hill,1929-02-15,British,179,14,36,66,77
290,wilson_fittipaldi,\N,\N,Wilson,Fittipaldi,1943-12-25,Brazilian,38,0,0,6,17
291,tunmer,\N,\N,Guy,Tunmer,1948-12-01,South African,1,0,0,0,1
292,keizan,\N,\N,Eddie,Keizan,1944-09-12,South African,3,0,0,0,3
293,charlton,\N,\N,Dave,Charlton,1936-10-27,South African,13,0,0,0,11
294,brise,\N,\N,Tony,Brise,1952-03-28,British,10,0,0,5,2
295,wunderink,\N,\N,Roelof,Wunderink,1948-12-12,Dutch,6,0,0,0,2
296,migault,\N,\N,François,Migault,1944-12-04,French,15,0,0,0,9
297,palm,\N,\N,Torsten,Palm,1947-07-23,Swedish,2,0,0,1,0
298,lennep,\N,\N,Gijs,van Lennep,1942-03-16,Dutch,9,0,0,3,1
299,fushida,\N,\N,Hiroshi,Fushida,1946-03-10,Japanese,2,0,0,0,0
300,nicholson,\N,\N,John,Nicholson,1941-10-06,New Zealander,2,0,0,0,0
301,morgan,\N,\N,Dave,Morgan,1944-08-07,British,1,0,0,0,1
302,crawford,\N,\N,Jim,Crawford,1948-02-13,British,2,0,0,1,1
303,vonlanthen,\N,\N,Jo,Vonlanthen,1942-05-31,Swiss,1,0,0,0,0
304,hulme,\N,\N,Denny,Hulme,1936-06-18,New Zealander,112,8,33,45,56
305,hailwood,\N,\N,Mike,Hailwood,1940-04-02,British,51,0,2,15,26
306,beltoise,\N,\N,Jean-Pierre,Beltoise,1937-04-26,French,87,1,8,25,33
307,ganley,\N,\N,Howden,Ganley,1941-12-24,New Zealander,39,0,0,12,17
308,robarts,\N,\N,Richard,Robarts,1944-09-22,British,4,0,0,0,4
309,revson,\N,\N,Peter,Revson,1939-02-27,American,31,2,8,11,17
310,driver,\N,\N,Paddy,Driver,1934-05-13,South African,2,0,0,0,1
311,belso,\N,\N,Tom,Belsø,1942-08-27,Danish,4,0,0,1,1
312,redman,\N,\N,Brian,Redman,1937-03-09,British,13,0,1,5,6
313,opel,\N,\N,Rikky,von Opel,1947-10-14,Liechtensteiner,13,0,0,1,5
314,schenken,\N,\N,Tim,Schenken,1943-09-26,Australian,36,0,1,8,12
315,larrousse,\N,\N,Gérard,Larrousse,1940-05-23,French,2,0,0,0,2
316,kinnunen,\N,\N,Leo,Kinnunen,1943-08-05,Finnish,6,0,0,0,2
317,wisell,\N,\N,Reine,Wisell,1941-09-30,Swedish,23,0,1,4,13
318,roos,\N,\N,Bertil,Roos,1943-10-12,Swedish,1,0,0,0,1
319,dolhem,\N,\N,José,Dolhem,1944-04-26,French,3,0,0,0,0
320,gethin,\N,\N,Peter,Gethin,1940-02-21,British,30,1,1,5,21
321,bell,\N,\N,Derek,Bell,1941-10-31,British,14,0,0,2,7
322,hobbs,\N,\N,David,Hobbs,1939-06-09,British,7,0,0,2,4
323,quester,\N,\N,Dieter,Quester,1939-05-30,Austrian,1,0,0,1,0
324,koinigg,\N,\N,Helmuth,Koinigg,1948-11-03,Austrian,3,0,0,1,1
325,facetti,\N,\N,Carlo,Facetti,1935-06-26,Italian,1,0,0,0,1
326,wietzes,\N,\N,Eppie,Wietzes,1938-05-28,Canadian,2,0,0,0,2
327,cevert,\N,\N,François,Cevert,1944-02-25,French,47,1,13,10,32
328,stewart,\N,\N,Jackie,Stewart,1939-06-11,British,100,27,43,44,34
329,beuttler,\N,\N,Mike,Beuttler,1940-04-13,British,29,0,0,4,22
330,galli,\N,\N,Nanni,Galli,1940-10-02,Italian,17,0,0,2,7
331,bueno,\N,\N,Luiz,Bueno,1937-01-16,Brazilian,1,0,0,1,0
332,follmer,\N,\N,George,Follmer,1934-01-27,American,12,0,1,5,5
333,adamich,\N,\N,Andrea,de Adamich,1941-10-03,Italian,36,0,0,7,13
334,pretorius,\N,\N,Jackie,Pretorius,1934-11-22,South African,4,0,0,0,3
335,williamson,\N,\N,Roger,Williamson,1948-02-02,British,2,0,0,0,2
336,mcrae,\N,\N,Graham,McRae,1940-03-05,New Zealander,1,0,0,0,1
337,marko,\N,\N,Helmut,Marko,1943-04-27,Austrian,9,0,0,1,8
338,walker,\N,\N,David,Walker,1941-06-10,Australian,11,0,0,0,8
339,roig,\N,\N,Alex,Soler-Roig,1932-10-29,Spanish,9,0,0,0,7
340,love,\N,\N,John,Love,1924-12-07,Rhodesian,10,0,1,1,8
341,surtees,\N,\N,John,Surtees,1934-02-11,British,112,6,24,34,38
342,barber,\N,\N,Skip,Barber,1936-11-16,American,6,0,0,0,6
343,brack,\N,\N,Bill,Brack,1935-12-26,Canadian,3,0,0,0,2
344,posey,\N,\N,Sam,Posey,1944-05-26,American,2,0,0,1,1
345,rodriguez,\N,\N,Pedro,Rodríguez,1940-01-18,Mexican,54,2,7,21,18
346,siffert,\N,\N,Jo,Siffert,1936-07-07,Swiss,100,2,6,20,65
347,bonnier,\N,\N,Jo,Bonnier,1930-01-31,Swedish,109,1,1,21,70
348,mazet,\N,\N,François,Mazet,1943-02-24,French,1,0,0,1,0
349,jean,\N,\N,Max,Jean,1943-07-27,French,1,0,0,0,1
350,elford,\N,\N,Vic,Elford,1935-06-10,British,13,0,0,4,4
351,moser,\N,\N,Silvio,Moser,1941-04-24,Swiss,18,0,0,1,7
352,eaton,\N,\N,George,Eaton,1945-11-12,Canadian,13,0,0,1,9
353,lovely,\N,\N,Pete,Lovely,1926-04-11,American,11,0,0,1,7
354,craft,\N,\N,Chris,Craft,1939-11-17,British,2,0,0,0,1
355,Cannoc,\N,\N,John,Cannon,1933-06-21,Canadian,1,0,0,0,1
356,jack_brabham,\N,\N,Jack,Brabham,1926-04-02,Australian,129,14,31,41,64
357,miles,\N,\N,John,Miles,1943-06-14,British,15,0,0,1,12
358,rindt,\N,\N,Jochen,Rindt,1942-04-18,Austrian,62,6,13,20,26
359,gavin,\N,\N,Johnny,Servoz-Gavin,1942-01-18,French,12,0,1,1,8
360,mclaren,\N,\N,Bruce,McLaren,1937-08-30,New Zealander,103,4,27,38,41
361,courage,\N,\N,Piers,Courage,1942-05-27,British,29,0,2,6,15
362,klerk,\N,\N,Peter,de Klerk,1935-03-16,South African,4,0,0,0,2
363,giunti,\N,\N,Ignazio,Giunti,1941-08-30,Italian,4,0,0,2,2
364,gurney,\N,\N,Dan,Gurney,1931-04-13,American,87,4,19,27,29
365,hahne,\N,\N,Hubert,Hahne,1935-03-28,German,3,0,0,0,2
366,hutchison,\N,\N,Gus,Hutchison,1937-04-26,American,1,0,0,0,1
367,westbury,\N,\N,Peter,Westbury,1938-05-26,British,1,0,0,0,1
368,tingle,\N,\N,Sam,Tingle,1921-08-24,Rhodesian,6,0,0,2,2
369,rooyen,\N,\N,Basil,van Rooyen,1939-04-19,South African,2,0,0,0,1
370,attwood,\N,\N,Richard,Attwood,1940-04-04,British,17,0,1,5,10
371,pease,\N,\N,Al,Pease,1921-10-15,Canadian,2,0,0,0,0
372,cordts,\N,\N,John,Cordts,1935-07-23,Canadian,1,0,0,0,0
373,clark,\N,\N,Jim,Clark,1936-03-04,British,73,25,32,36,28
374,spence,\N,\N,Mike,Spence,1936-12-30,British,36,0,1,11,17
375,scarfiotti,\N,\N,Ludovico,Scarfiotti,1933-10-18,Italian,13,1,1,1,8
376,bianchi,\N,BIA,Lucien,Bianchi,1934-11-10,Belgian,19,0,1,2,11
377,jo_schlesser,\N,\N,Jo,Schlesser,1928-05-18,French,2,0,0,0,1
378,widdows,\N,\N,Robin,Widdows,1942-05-27,British,1,0,0,0,0
379,ahrens,\N,\N,Kurt,Ahrens,1940-04-19,German,2,0,0,0,1
380,gardner,\N,\N,Frank,Gardner,1930-10-01,Australian,9,0,0,2,4
381,unser,\N,\N,Bobby,Unser,1934-02-20,American,1,0,0,0,0
382,solana,\N,\N,Moisés,Solana,1935-12-26,Mexican,8,0,0,1,6
383,anderson,\N,\N,Bob,Anderson,1931-05-19,British,26,0,1,5,12
384,botha,\N,\N,Luki,Botha,1930-01-16,South African,1,0,0,0,1
385,bandini,\N,\N,Lorenzo,Bandini,1935-12-21,Italian,44,1,8,15,23
386,ginther,\N,\N,Richie,Ginther,1930-08-05,American,54,1,14,16,29
387,parkes,\N,\N,Mike,Parkes,1931-09-24,British,7,0,2,1,5
388,irwin,\N,\N,Chris,Irwin,1942-06-27,British,10,0,0,3,5
389,ligier,\N,\N,Guy,Ligier,1930-07-12,French,13,0,0,0,12
390,rees,\N,\N,Alan,Rees,1938-01-12,British,2,0,0,0,1
391,hart,\N,\N,Brian,Hart,1936-09-07,British,1,0,0,0,0
392,fisher,\N,\N,Mike,Fisher,1943-03-13,American,2,0,0,0,0
393,tom_jones,\N,\N,Tom,Jones,1943-04-26,American,1,0,0,0,0
394,baghetti,\N,\N,Giancarlo,Baghetti,1934-12-25,Italian,26,1,1,1,17
395,williams,\N,\N,Jonathan,Williams,1942-10-26,British,1,0,0,1,0
396,bondurant,\N,\N,Bob,Bondurant,1933-04-27,American,9,0,0,1,5
397,arundell,\N,\N,Peter,Arundell,1933-11-08,British,15,0,2,4,6
398,vic_wilson,\N,\N,Vic,Wilson,1931-04-14,British,2,0,0,0,1
399,taylor,\N,\N,John,Taylor,1933-03-23,British,5,0,0,0,1
400,lawrence,\N,\N,Chris,Lawrence,1933-07-27,British,2,0,0,0,0
401,trevor_taylor,\N,\N,Trevor,Taylor,1936-12-26,British,29,0,1,4,21
402,geki,\N,\N,Giacomo,Russo,1937-10-23,Italian,3,0,0,0,2
403,phil_hill,\N,\N,Phil,Hill,1927-04-20,American,52,3,16,11,29
404,ireland,\N,\N,Innes,Ireland,1930-06-12,British,55,1,4,12,28
405,bucknum,\N,\N,Ronnie,Bucknum,1936-04-05,American,11,0,0,0,5
406,hawkins,\N,\N,Paul,Hawkins,1937-10-12,Australian,3,0,0,1,1
407,prophet,\N,\N,David,Prophet,1937-10-09,British,2,0,0,0,2
408,maggs,\N,\N,Tony,Maggs,1937-02-09,South African,27,0,3,4,21
409,blokdyk,\N,\N,Trevor,Blokdyk,1935-11-30,South African,2,0,0,0,0
410,lederle,\N,\N,Neville,Lederle,1938-09-25,South African,3,0,0,0,3
411,serrurier,\N,\N,Doug,Serrurier,1920-12-09,South African,3,0,0,1,0
412,niemann,\N,\N,Brausch,Niemann,1939-01-07,South African,2,0,0,0,0
413,pieterse,\N,\N,Ernie,Pieterse,1938-07-04,South African,3,0,0,0,3
414,puzey,\N,\N,Clive,Puzey,1941-07-11,Rhodesian,1,0,0,0,1
415,reed,\N,\N,Ray,Reed,1932-04-30,South African,1,0,0,0,0
416,clapham,\N,\N,David,Clapham,1931-05-18,South African,1,0,0,0,0
417,blignaut,\N,\N,Alex,Blignaut,1932-11-30,South African,1,0,0,0,1
418,gregory,\N,\N,Masten,Gregory,1932-02-29,American,46,0,3,5,31
419,rhodes,\N,\N,John,Rhodes,1927-08-18,British,1,0,0,0,1
420,raby,\N,\N,Ian,Raby,1921-09-22,British,7,0,0,0,4
421,rollinson,\N,\N,Alan,Rollinson,1943-05-15,British,1,0,0,0,0
422,gubby,\N,\N,Brian,Gubby,1934-04-17,British,1,0,0,0,1
423,mitter,\N,\N,Gerhard,Mitter,1935-08-30,German,5,0,0,1,3
424,bussinello,\N,\N,Roberto,Bussinello,1927-10-04,Italian,4,0,0,0,2
425,vaccarella,\N,\N,Nino,Vaccarella,1933-03-04,Italian,5,0,0,1,3
426,bassi,\N,\N,Giorgio,Bassi,1934-01-20,Italian,1,0,0,0,1
427,trintignant,\N,\N,Maurice,Trintignant,1917-10-30,French,87,2,10,12,56
428,collomb,\N,\N,Bernard,Collomb,1930-10-07,French,6,0,0,0,6
429,andre_pilette,\N,\N,André,Pilette,1918-10-06,Belgian,15,0,0,2,7
430,beaufort,\N,\N,Carel Godin,de Beaufort,1934-04-10,Dutch,31,0,0,3,17
431,barth,\N,\N,Edgar,Barth,1917-01-26,German,7,0,0,2,3
432,cabral,\N,\N,Mário de Araújo,Cabral,1934-01-15,Portuguese,5,0,0,0,2
433,hansgen,\N,\N,Walt,Hansgen,1919-10-28,American,4,0,0,1,2
434,sharp,\N,\N,Hap,Sharp,1928-01-01,American,6,0,0,2,4
435,mairesse,\N,\N,Willy,Mairesse,1928-10-01,Belgian,12,0,1,1,10
436,campbell-jones,\N,\N,John,Campbell-Jones,1930-01-21,British,5,0,0,0,4
437,burgess,\N,\N,Ian,Burgess,1930-07-06,British,26,0,0,0,16
438,settember,\N,\N,Tony,Settember,1926-07-10,American,10,0,0,2,0
439,estefano,\N,\N,Nasif,Estéfano,1932-11-18,Argentine,5,0,0,0,1
440,hall,\N,\N,Jim,Hall,1935-07-23,American,12,0,0,4,6
441,parnell,\N,\N,Tim,Parnell,1932-06-25,British,4,0,0,1,3
442,kuhnke,\N,\N,Kurt,Kuhnke,1910-04-30,German,2,0,0,0,0
443,ernesto_brambilla,\N,\N,Ernesto,Brambilla,1934-01-31,Italian,1,0,0,0,0
444,lippi,\N,\N,Roberto,Lippi,1926-10-17,Italian,3,0,0,0,0
445,seiffert,\N,\N,Günther,Seiffert,1937-10-18,German,2,0,0,0,1
446,abate,\N,\N,Carlo,Abate,1932-07-10,Italian,2,0,0,0,1
447,starrabba,\N,\N,Gaetano,Starrabba,1932-12-03,Italian,2,0,0,0,0
448,broeker,\N,\N,Peter,Broeker,1926-05-15,Canadian,1,0,0,1,0
449,ward,\N,\N,Rodger,Ward,1921-01-10,American,12,1,2,1,7
450,vos,\N,\N,Ernie,de Vos,1941-07-01,Dutch,1,0,0,0,1
451,dochnal,\N,\N,Frank,Dochnal,1920-10-08,American,1,0,0,0,1
452,monarch,\N,\N,Thomas,Monarch,1945-09-03,American,1,0,0,0,1
842,gasly,10,GAS,Pierre,Gasly,1996-02-07,French,154,1,5,83,68
453,lewis,\N,\N,Jackie,Lewis,1936-11-01,British,11,0,0,0,10
454,ricardo_rodriguez,\N,\N,Ricardo,Rodríguez,1942-02-14,Mexican,6,0,0,1,5
455,seidel,\N,\N,Wolfgang,Seidel,1926-07-04,German,13,0,0,0,10
456,salvadori,\N,\N,Roy,Salvadori,1922-05-12,British,51,0,2,9,30
457,pon,\N,\N,Ben,Pon,1936-12-09,Dutch,1,0,0,0,1
458,slotemaker,\N,\N,Rob,Slotemaker,1929-06-13,Dutch,1,0,0,0,1
459,marsh,\N,\N,Tony,Marsh,1931-07-20,British,9,0,0,0,9
460,ashmore,\N,\N,Gerry,Ashmore,1936-07-25,British,5,0,0,0,5
461,schiller,\N,\N,Heinz,Schiller,1930-01-25,Swiss,2,0,0,0,1
462,davis,\N,\N,Colin,Davis,1933-07-29,British,3,0,0,1,1
463,chamberlain,\N,\N,Jay,Chamberlain,1925-12-29,American,3,0,0,0,3
464,shelly,\N,\N,Tony,Shelly,1937-02-02,New Zealander,3,0,0,0,3
465,greene,\N,\N,Keith,Greene,1938-01-05,British,7,0,0,0,3
466,walter,\N,\N,Heini,Walter,1927-07-28,Swiss,1,0,0,0,1
467,prinoth,\N,\N,Ernesto,Prinoth,1923-04-15,Italian,2,0,0,0,2
468,penske,\N,\N,Roger,Penske,1937-02-20,American,2,0,0,0,2
469,schroeder,\N,\N,Rob,Schroeder,1926-05-11,British,1,0,0,0,1
470,mayer,\N,\N,Timmy,Mayer,1938-02-22,American,1,0,0,0,1
471,johnstone,\N,\N,Bruce,Johnstone,1937-01-30,South African,1,0,0,0,1
472,harris,\N,\N,Mike,Harris,1939-05-25,South African,1,0,0,0,0
473,hocking,\N,\N,Gary,Hocking,1937-09-30,Rhodesian,1,0,0,0,1
474,vyver,\N,\N,Syd,van der Vyver,1920-06-01,South African,1,0,0,0,1
475,moss,\N,\N,Stirling,Moss,1929-09-17,British,73,16,24,23,41
476,trips,\N,\N,Wolfgang,von Trips,1928-05-04,German,28,2,6,10,17
477,allison,\N,\N,Cliff,Allison,1932-02-08,British,18,0,1,6,9
478,herrmann,\N,\N,Hans,Herrmann,1928-02-23,German,20,0,1,2,16
479,brooks,\N,\N,Tony,Brooks,1932-02-25,British,41,6,10,14,21
480,may,\N,\N,Michael,May,1934-08-18,Swiss,4,0,0,0,4
481,henry_taylor,\N,\N,Henry,Taylor,1932-12-16,British,10,0,0,0,10
482,gendebien,\N,\N,Olivier,Gendebien,1924-01-12,Belgian,17,0,2,0,14
483,scarlatti,\N,\N,Giorgio,Scarlatti,1921-10-02,Italian,15,0,0,1,9
484,naylor,\N,\N,Brian,Naylor,1923-03-24,British,9,0,0,1,2
485,bordeu,\N,\N,Juan Manuel,Bordeu,1934-01-28,Argentine,1,0,0,0,1
486,fairman,\N,\N,Jack,Fairman,1913-03-15,British,13,0,0,1,6
487,natili,\N,\N,Massimo,Natili,1935-07-28,Italian,2,0,0,0,2
488,monteverdi,\N,\N,Peter,Monteverdi,1934-06-07,Swiss,1,0,0,0,0
489,pirocchi,\N,\N,Renato,Pirocchi,1933-03-26,Italian,2,0,0,0,2
490,duke,\N,\N,Geoff,Duke,1923-03-29,British,1,0,0,0,1
491,thiele,\N,\N,Alfonso,Thiele,1920-04-05,American-Italian,2,0,0,0,1
492,boffa,\N,\N,Menato,Boffa,1930-01-04,Italian,1,0,0,0,1
493,ryan,\N,\N,Peter,Ryan,1940-06-10,Canadian,1,0,0,0,1
494,ruby,\N,\N,Lloyd,Ruby,1928-01-12,American,2,0,0,0,2
495,ken_miles,\N,\N,Ken,Miles,1918-11-01,British,1,0,0,0,1
496,menditeguy,\N,\N,Carlos,Menditeguy,1914-08-10,Argentine,12,0,1,1,11
497,larreta,\N,\N,Alberto Rodriguez,Larreta,1934-01-14,Argentine,1,0,0,0,1
498,gonzalez,\N,\N,José Froilán,González,1922-10-05,Argentine,29,2,15,8,16
499,bonomi,\N,\N,Roberto,Bonomi,1919-09-30,Argentine,1,0,0,0,1
500,munaron,\N,\N,Gino,Munaron,1928-04-02,Italian,4,0,0,1,1
501,schell,\N,\N,Harry,Schell,1921-06-29,American,64,0,2,8,42
502,stacey,\N,\N,Alan,Stacey,1933-08-29,British,7,0,0,1,5
503,chimeri,\N,\N,Ettore,Chimeri,1921-06-04,Venezuelan,1,0,0,0,1
504,creus,\N,\N,Antonio,Creus,1924-10-28,Spanish,1,0,0,0,1
505,bristow,\N,\N,Chris,Bristow,1937-12-02,British,4,0,0,1,3
506,halford,\N,\N,Bruce,Halford,1931-05-18,British,9,0,0,0,8
507,daigh,\N,\N,Chuck,Daigh,1923-11-29,American,6,0,0,0,1
508,reventlow,\N,\N,Lance,Reventlow,1936-02-24,American,4,0,0,0,1
509,rathmann,\N,\N,Jim,Rathmann,1928-07-16,American,12,1,4,2,8
510,goldsmith,\N,\N,Paul,Goldsmith,1925-10-02,American,3,0,1,1,2
511,branson,\N,\N,Don,Branson,1920-06-02,American,2,0,0,0,0
512,thomson,\N,\N,Johnny,Thomson,1922-04-09,American,9,0,1,2,4
513,johnson,\N,\N,Eddie,Johnson,1919-02-10,American,9,0,0,2,5
514,veith,\N,\N,Bob,Veith,1926-11-01,American,5,0,0,1,2
515,tingelstad,\N,\N,Bud,Tingelstad,1928-04-04,American,1,0,0,0,1
516,christie,\N,\N,Bob,Christie,1924-04-04,American,5,0,0,1,4
517,amick,\N,\N,Red,Amick,1929-01-19,American,2,0,0,0,2
518,darter,\N,\N,Duane,Carter,1913-05-05,American,10,0,1,4,4
519,homeier,\N,\N,Bill,Homeier,1918-08-31,American,3,0,0,0,3
520,hartley,\N,\N,Gene,Hartley,1926-01-28,American,9,0,0,1,6
521,stevenson,\N,\N,Chuck,Stevenson,1919-10-15,American,7,0,0,0,5
522,grim,\N,\N,Bobby,Grim,1924-09-04,American,2,0,0,0,2
523,templeman,\N,\N,Shorty,Templeman,1919-08-12,American,3,0,0,0,3
524,hurtubise,\N,\N,Jim,Hurtubise,1932-12-05,American,1,0,0,0,0
525,bryan,\N,\N,Jimmy,Bryan,1926-01-28,American,9,1,3,3,5
526,ruttman,\N,\N,Troy,Ruttman,1930-03-11,American,9,1,1,0,6
527,sachs,\N,\N,Eddie,Sachs,1927-05-28,American,4,0,0,1,3
528,freeland,\N,\N,Don,Freeland,1925-03-25,American,8,0,1,0,3
529,bettenhausen,\N,\N,Tony,Bettenhausen,1916-09-12,American,13,0,1,2,10
530,weiler,\N,\N,Wayne,Weiler,1934-12-09,American,1,0,0,0,1
531,foyt,\N,\N,Anthony,Foyt,1935-01-16,American,3,0,0,1,2
532,russo,\N,\N,Eddie,Russo,1925-11-19,American,4,0,0,0,3
533,boyd,\N,\N,Johnny,Boyd,1926-08-19,American,6,0,1,1,5
534,force,\N,\N,Gene,Force,1916-06-15,American,2,0,0,0,2
535,mcwithey,\N,\N,Jim,McWithey,1927-07-04,American,2,0,0,0,2
536,sutton,\N,\N,Len,Sutton,1925-08-09,American,3,0,0,0,3
537,dick_rathmann,\N,\N,Dick,Rathmann,1924-01-06,American,5,0,0,0,4
538,herman,\N,\N,Al,Herman,1927-03-15,American,5,0,0,0,3
539,dempsey_wilson,\N,\N,Dempsey,Wilson,1927-03-11,American,2,0,0,0,2
540,mike_taylor,\N,\N,Mike,Taylor,1934-04-24,British,2,0,0,0,2
541,flockhart,\N,\N,Ron,Flockhart,1923-06-16,British,15,0,1,2,9
542,piper,\N,\N,David,Piper,1930-12-02,British,3,0,0,0,3
543,cabianca,\N,\N,Giulio,Cabianca,1923-02-19,Italian,4,0,0,1,1
544,drogo,\N,\N,Piero,Drogo,1926-08-08,Italian,1,0,0,1,0
545,gamble,\N,\N,Fred,Gamble,1932-03-17,American,1,0,0,0,0
546,owen,\N,\N,Arthur,Owen,1915-03-23,British,1,0,0,0,1
547,gould,\N,\N,Horace,Gould,1918-09-20,British,18,0,0,0,16
548,drake,\N,\N,Bob,Drake,1919-12-14,American,1,0,0,0,0
549,bueb,\N,\N,Ivor,Bueb,1923-06-06,British,6,0,0,1,4
550,Changy,\N,\N,Alain,de Changy,1922-02-05,Belgian,1,0,0,0,1
551,filippis,\N,\N,Maria,de Filippis,1926-11-11,Italian,5,0,0,0,2
552,lucienbonnet,\N,\N,Jean,Lucienbonnet,1923-01-07,French,1,0,0,0,1
553,testut,\N,\N,André,Testut,1926-04-13,Monegasque,2,0,0,0,0
554,behra,\N,\N,Jean,Behra,1921-02-16,French,57,0,9,13,34
555,paul_russo,\N,\N,Paul,Russo,1914-04-10,American,9,0,1,1,7
556,daywalt,\N,\N,Jimmy,Daywalt,1924-08-28,American,7,0,0,0,6
557,arnold,\N,\N,Chuck,Arnold,1926-05-30,American,1,0,0,0,1
558,keller,\N,\N,Al,Keller,1920-04-11,American,5,0,0,0,5
559,flaherty,\N,\N,Pat,Flaherty,1926-01-06,American,6,1,1,0,5
560,cheesbourg,\N,\N,Bill,Cheesbourg,1927-06-12,American,3,0,0,0,3
561,ray_crawford,\N,\N,Ray,Crawford,1915-10-26,American,3,0,0,0,2
562,turner,\N,\N,Jack,Turner,1920-02-12,American,4,0,0,0,2
563,weyant,\N,\N,Chuck,Weyant,1923-04-03,American,4,0,0,0,3
564,larson,\N,\N,Jud,Larson,1923-01-21,American,2,0,0,0,2
565,magill,\N,\N,Mike,Magill,1920-02-08,American,3,0,0,0,2
566,shelby,\N,\N,Carroll,Shelby,1923-01-11,American,9,0,0,2,4
567,orey,\N,\N,Fritz,d'Orey,1938-03-25,Brazilian,3,0,0,0,1
568,fontes,\N,\N,Azdrubal,Fontes,1922-12-26,Uruguayan,1,0,0,0,1
569,ashdown,\N,\N,Peter,Ashdown,1934-10-16,British,1,0,0,0,1
570,bill_moss,\N,\N,Bill,Moss,1933-09-04,British,1,0,0,0,1
571,dennis_taylor,\N,\N,Dennis,Taylor,1921-06-12,British,1,0,0,0,1
572,blanchard,\N,\N,Harry,Blanchard,1929-06-13,American,1,0,0,0,0
573,tomaso,\N,\N,Alessandro,de Tomaso,1928-07-10,Argentine-Italian,2,0,0,0,1
574,constantine,\N,\N,George,Constantine,1918-02-22,American,1,0,0,0,0
575,said,\N,\N,Bob,Said,1932-05-05,American,1,0,0,0,0
576,cade,\N,\N,Phil,Cade,1916-06-12,American,1,0,0,0,0
577,musso,\N,\N,Luigi,Musso,1924-07-28,Italian,26,1,7,8,17
578,hawthorn,\N,\N,Mike,Hawthorn,1929-04-10,British,48,3,18,14,27
579,fangio,\N,\N,Juan,Fangio,1911-06-24,Argentine,58,24,35,34,20
580,godia,\N,\N,Paco,Godia,1921-03-21,Spanish,14,0,0,1,12
581,collins,\N,\N,Peter,Collins,1931-11-06,British,37,3,9,8,23
582,kavanagh,\N,\N,Ken,Kavanagh,1923-12-12,Australian,1,0,0,0,0
583,gerini,\N,\N,Gerino,Gerini,1928-08-10,Italian,7,0,0,0,6
584,kessler,\N,\N,Bruce,Kessler,1936-03-23,American,1,0,0,0,0
585,emery,\N,\N,Paul,Emery,1916-11-12,British,2,0,0,0,0
586,piotti,\N,\N,Luigi,Piotti,1913-10-27,Italian,9,0,0,0,7
587,ecclestone,\N,\N,Bernie,Ecclestone,1930-10-28,British,1,0,0,0,0
588,taramazzo,\N,\N,Luigi,Taramazzo,1932-05-05,Italian,1,0,0,0,0
589,chiron,\N,\N,Louis,Chiron,1899-08-03,Monegasque,17,0,1,5,10
590,lewis-evans,\N,\N,Stuart,Lewis-Evans,1930-04-20,British,14,0,2,2,10
591,george_amick,\N,\N,George,Amick,1924-10-24,American,1,0,1,0,1
592,reece,\N,\N,Jimmy,Reece,1929-11-17,American,6,0,0,1,2
593,parsons,\N,\N,Johnnie,Parsons,1918-07-04,American,10,1,1,1,9
594,tolan,\N,\N,Johnnie,Tolan,1917-10-22,American,3,0,0,1,2
595,garrett,\N,\N,Billy,Garrett,1933-04-24,American,2,0,0,0,2
596,elisian,\N,\N,Ed,Elisian,1926-12-09,American,5,0,0,0,5
597,connor,\N,\N,Pat,O'Connor,1928-10-09,American,5,0,0,0,5
598,jerry_unser,\N,\N,Jerry,Unser,1932-11-15,American,1,0,0,0,1
599,bisch,\N,\N,Art,Bisch,1926-11-10,American,1,0,0,0,1
600,goethals,\N,\N,Christian,Goethals,1928-08-04,Belgian,1,0,0,0,1
601,gibson,\N,\N,Dick,Gibson,1918-04-16,British,2,0,0,0,2
602,la_caze,\N,\N,Robert,La Caze,1917-02-26,French,1,0,0,0,1
603,guelfi,\N,\N,André,Guelfi,1919-05-06,French,1,0,0,0,1
604,picard,\N,\N,François,Picard,1921-04-26,French,1,0,0,0,1
605,bridger,\N,\N,Tom,Bridger,1934-06-24,British,1,0,0,0,1
606,portago,\N,\N,Alfonso,de Portago,1928-10-11,Spanish,6,0,1,1,5
607,perdisa,\N,\N,Cesare,Perdisa,1932-10-21,Italian,9,0,2,1,7
608,castellotti,\N,\N,Eugenio,Castellotti,1930-10-10,Italian,17,0,3,3,11
609,simon,\N,\N,André,Simon,1920-01-05,French,12,0,0,2,9
610,leston,\N,\N,Les,Leston,1920-12-16,British,3,0,0,0,2
611,hanks,\N,\N,Sam,Hanks,1914-07-13,American,9,1,4,2,7
612,linden,\N,\N,Andy,Linden,1922-04-05,American,11,0,0,0,8
613,teague,\N,\N,Marshall,Teague,1921-02-22,American,4,0,0,0,4
614,edmunds,\N,\N,Don,Edmunds,1930-09-23,American,1,0,0,0,1
615,agabashian,\N,\N,Fred,Agabashian,1913-08-21,American,8,0,0,0,8
616,george,\N,\N,Elmer,George,1928-07-15,American,1,0,0,0,1
617,macdowel,\N,\N,Mike,MacDowel,1932-09-13,British,1,0,0,1,0
618,mackay-fraser,\N,\N,Herbert,MacKay-Fraser,1927-06-23,American,1,0,0,0,0
619,gerard,\N,\N,Bob,Gerard,1914-01-19,British,7,0,0,4,2
620,maglioli,\N,\N,Umberto,Maglioli,1928-06-05,Italian,10,0,2,0,10
621,england,\N,\N,Paul,England,1929-03-28,Australian,1,0,0,0,1
622,landi,\N,\N,Chico,Landi,1907-07-14,Brazilian,6,0,0,1,5
623,uria,\N,\N,Alberto,Uria,1924-07-11,Uruguayan,2,0,0,0,2
624,ramos,\N,\N,Hernando,da Silva Ramos,1925-12-07,Brazilian,8,0,0,3,4
625,bayol,\N,\N,Élie,Bayol,1914-02-28,French,7,0,0,1,4
626,manzon,\N,\N,Robert,Manzon,1917-04-12,French,29,0,2,8,16
627,rosier,\N,\N,Louis,Rosier,1905-11-05,French,39,0,2,10,29
628,sweikert,\N,\N,Bob,Sweikert,1926-05-20,American,5,1,1,2,3
629,griffith,\N,\N,Cliff,Griffith,1916-02-06,American,3,0,0,0,2
630,dinsmore,\N,\N,Duke,Dinsmore,1913-04-10,American,4,0,0,0,4
631,andrews,\N,\N,Keith,Andrews,1920-06-15,American,2,0,0,0,1
632,frere,\N,\N,Paul,Frère,1917-01-30,Belgian,11,0,1,2,8
633,villoresi,\N,\N,Luigi,Villoresi,1909-05-16,Italian,35,0,8,0,31
634,scotti,\N,\N,Piero,Scotti,1909-11-11,Italian,1,0,0,0,0
635,chapman,\N,\N,Colin,Chapman,1928-05-19,British,1,0,0,0,1
636,titterington,\N,\N,Desmond,Titterington,1928-05-01,British,1,0,0,0,1
637,scott_Brown,\N,\N,Archie,Scott Brown,1927-05-13,British,1,0,0,0,1
638,volonterio,\N,\N,Ottorino,Volonterio,1917-12-07,Swiss,3,0,0,0,3
639,milhoux,\N,\N,André,Milhoux,1928-12-09,Belgian,1,0,0,0,0
640,graffenried,\N,\N,Toulo,de Graffenried,1914-05-18,Swiss,23,0,0,2,19
641,taruffi,\N,\N,Piero,Taruffi,1906-10-12,Italian,18,1,5,2,15
642,farina,\N,\N,Nino,Farina,1906-10-30,Italian,37,5,20,8,27
643,mieres,\N,\N,Roberto,Mieres,1924-12-03,Argentine,17,0,0,3,14
644,mantovani,\N,\N,Sergio,Mantovani,1929-05-22,Italian,9,0,0,1,8
645,bucci,\N,\N,Clemar,Bucci,1920-09-04,Argentine,5,0,0,0,4
646,iglesias,\N,\N,Jesús,Iglesias,1922-02-22,Argentine,1,0,0,0,0
647,ascari,\N,\N,Alberto,Ascari,1918-07-13,Italian,36,13,17,17,14
648,kling,\N,\N,Karl,Kling,1910-09-16,German,12,0,2,0,12
649,birger,\N,\N,Pablo,Birger,1924-01-07,Argentine,2,0,0,0,0
650,pollet,\N,\N,Jacques,Pollet,1922-07-02,French,5,0,0,1,2
651,macklin,\N,\N,Lance,Macklin,1919-09-02,British,15,0,0,1,10
652,whiteaway,\N,\N,Ted,Whiteaway,1928-11-01,British,1,0,0,0,0
653,davies,\N,\N,Jimmy,Davies,1929-08-08,American,6,0,1,0,4
654,faulkner,\N,\N,Walt,Faulkner,1920-02-16,American,5,0,0,0,4
655,niday,\N,\N,Cal,Niday,1914-04-29,American,3,0,0,1,2
656,cross,\N,\N,Art,Cross,1918-01-24,American,4,0,1,0,4
657,vukovich,\N,\N,Bill,Vukovich,1918-12-13,American,5,2,2,2,2
658,mcgrath,\N,\N,Jack,McGrath,1919-10-08,American,6,0,2,0,6
659,hoyt,\N,\N,Jerry,Hoyt,1929-01-29,American,5,0,0,0,4
660,claes,\N,\N,Johnny,Claes,1916-08-11,Belgian,25,0,0,3,19
661,peter_walker,\N,\N,Peter,Walker,1912-10-07,British,4,0,0,0,3
662,sparken,\N,\N,Mike,Sparken,1930-06-16,French,1,0,0,1,0
663,wharton,\N,\N,Ken,Wharton,1916-03-21,British,16,0,0,3,7
664,mcalpine,\N,\N,Kenneth,McAlpine,1920-09-21,British,7,0,0,1,4
665,marr,\N,\N,Leslie,Marr,1922-08-14,British,2,0,0,0,1
666,rolt,\N,\N,Tony,Rolt,1918-10-16,British,3,0,0,0,2
667,fitch,\N,\N,John,Fitch,1917-08-04,American,2,0,0,0,2
668,lucas,\N,\N,Jean,Lucas,1917-04-25,French,1,0,0,0,0
669,bira,\N,\N,Prince,Bira,1914-07-15,Thai,19,0,0,5,13
670,marimon,\N,\N,Onofre,Marimón,1923-12-19,Argentine,12,0,2,2,9
671,loyer,\N,\N,Roger,Loyer,1907-08-05,French,1,0,0,0,1
672,daponte,\N,\N,Jorge,Daponte,1923-06-05,Argentine,2,0,0,0,2
673,nazaruk,\N,\N,Mike,Nazaruk,1921-10-02,American,3,0,1,0,2
674,crockett,\N,\N,Larry,Crockett,1926-10-23,American,1,0,0,0,1
675,ayulo,\N,\N,Manny,Ayulo,1921-10-20,American,4,0,1,0,4
676,armi,\N,\N,Frank,Armi,1918-10-12,American,1,0,0,0,1
677,webb,\N,\N,Travis,Webb,1910-10-08,American,4,0,0,1,1
678,duncan,\N,\N,Len,Duncan,1911-07-25,American,1,0,0,0,0
679,mccoy,\N,\N,Ernie,McCoy,1921-02-19,American,2,0,0,1,1
680,swaters,\N,\N,Jacques,Swaters,1926-10-30,American,7,0,0,0,7
681,georges_berger,\N,\N,Georges,Berger,1918-09-14,Belgian,2,0,0,0,1
682,beauman,\N,\N,Don,Beauman,1928-07-26,British,1,0,0,1,0
683,thorne,\N,\N,Leslie,Thorne,1916-06-23,British,1,0,0,0,1
684,whitehouse,\N,\N,Bill,Whitehouse,1909-04-01,British,1,0,0,0,1
685,riseley_prichard,\N,\N,John,Riseley-Prichard,1924-01-17,British,1,0,0,0,1
686,reg_parnell,\N,\N,Reg,Parnell,1911-07-02,British,7,0,1,1,4
687,whitehead,\N,\N,Peter,Whitehead,1914-11-12,British,12,0,1,0,10
688,brandon,\N,\N,Eric,Brandon,1920-07-18,British,5,0,0,0,5
689,alan_brown,\N,\N,Alan,Brown,1919-11-20,British,9,0,0,2,7
690,nuckey,\N,\N,Rodney,Nuckey,1929-06-26,British,2,0,0,0,2
691,lang,\N,\N,Hermann,Lang,1909-04-06,German,2,0,0,0,2
692,helfrich,\N,\N,Theo,Helfrich,1913-05-13,German,3,0,0,0,2
693,wacker,\N,\N,Fred,Wacker,1918-07-10,American,3,0,0,1,1
694,riu,\N,\N,Giovanni,de Riu,1925-03-10,Italian,1,0,0,0,1
695,galvez,\N,\N,Oscar,Gálvez,1913-08-17,Argentine,1,0,0,0,1
696,john_barber,\N,\N,John,Barber,1929-07-22,British,1,0,0,1,0
697,bonetto,\N,\N,Felice,Bonetto,1903-06-09,Italian,17,0,2,2,11
698,cruz,\N,\N,Adolfo,Cruz,1923-06-28,Argentine,1,0,0,0,1
699,nalon,\N,\N,Duke,Nalon,1913-03-02,American,3,0,0,0,3
700,scarborough,\N,\N,Carl,Scarborough,1914-07-03,American,2,0,0,0,2
701,holland,\N,\N,Bill,Holland,1907-12-18,American,2,0,1,1,1
702,bob_scott,\N,\N,Bob,Scott,1928-10-04,American,5,0,0,0,3
703,legat,\N,\N,Arthur,Legat,1898-11-01,Belgian,2,0,0,0,0
704,cabantous,\N,\N,Yves,Cabantous,1904-10-08,French,13,0,0,2,11
705,crook,\N,\N,Tony,Crook,1920-02-16,British,2,0,0,0,1
706,jimmy_stewart,\N,\N,Jimmy,Stewart,1931-03-06,British,1,0,0,0,1
707,ian_stewart,\N,\N,Ian,Stewart,1929-07-15,British,1,0,0,0,1
708,duncan_hamilton,\N,\N,Duncan,Hamilton,1920-04-30,British,5,0,0,1,3
709,klodwig,\N,\N,Ernst,Klodwig,1903-05-23,East German,2,0,0,1,1
710,krause,\N,\N,Rudolf,Krause,1907-03-30,East German,2,0,0,1,1
711,karch,\N,\N,Oswald,Karch,1917-03-06,German,1,0,0,0,1
712,heeks,\N,\N,Willi,Heeks,1922-02-13,German,2,0,0,0,2
713,fitzau,\N,\N,Theo,Fitzau,1923-02-10,East German,1,0,0,0,0
714,adolff,\N,\N,Kurt,Adolff,1921-11-05,German,1,0,0,0,1
715,bechem,\N,\N,Günther,Bechem,1921-12-21,German,2,0,0,0,1
716,bauer,\N,\N,Erwin,Bauer,1912-07-17,German,1,0,0,0,1
717,hans_stuck,\N,\N,Hans,von Stuck,1900-12-27,German,4,0,0,0,1
718,loof,\N,\N,Ernst,Loof,1907-07-04,German,1,0,0,0,1
719,scherrer,\N,\N,Albert,Scherrer,1908-02-28,Swiss,1,0,0,1,0
720,terra,\N,\N,Max,de Terra,1918-10-06,Swiss,2,0,0,0,1
721,hirt,\N,\N,Peter,Hirt,1910-03-30,Swiss,5,0,0,0,4
722,carini,\N,\N,Piero,Carini,1921-03-06,Italian,3,0,0,0,3
723,fischer,\N,\N,Rudi,Fischer,1912-04-19,Swiss,7,0,2,0,7
724,ulmen,\N,\N,Toni,Ulmen,1906-01-25,German,2,0,0,0,1
725,abecassis,\N,\N,George,Abecassis,1913-03-21,British,2,0,0,0,1
726,george_connor,\N,\N,George,Connor,1906-08-16,American,3,0,0,1,1
727,rigsby,\N,\N,Jim,Rigsby,1923-06-06,American,1,0,0,0,0
728,james,\N,\N,Joe,James,1925-05-23,American,2,0,0,0,1
729,schindler,\N,\N,Bill,Schindler,1909-03-06,American,3,0,0,1,1
730,fonder,\N,\N,George,Fonder,1917-06-22,American,3,0,0,0,1
731,banks,\N,\N,Henry,Banks,1913-06-14,American,3,0,0,0,2
732,mcdowell,\N,\N,Johnny,McDowell,1915-01-29,American,3,0,0,0,2
733,miller,\N,\N,Chet,Miller,1902-07-19,American,2,0,0,0,2
734,ball,\N,\N,Bobby,Ball,1925-08-26,American,2,0,0,1,1
735,tornaco,\N,\N,Charles,de Tornaco,1927-06-07,Belgian,3,0,0,0,3
736,laurent,\N,\N,Roger,Laurent,1913-02-21,Belgian,2,0,0,0,2
737,obrien,\N,\N,Robert,O'Brien,1908-04-11,American,1,0,0,0,1
738,gaze,\N,\N,Tony,Gaze,1920-02-03,Australian,4,0,0,0,3
739,charrington,\N,\N,Robin,Montgomerie-Charrington,1915-06-23,British,1,0,0,0,0
740,comotti,\N,\N,Franco,Comotti,1906-07-24,Italian,2,0,0,0,2
741,etancelin,\N,\N,Philippe,Étancelin,1896-12-28,French,12,0,0,2,10
742,poore,\N,\N,Dennis,Poore,1916-08-19,British,2,0,0,2,0
743,thompson,\N,\N,Eric,Thompson,1919-11-04,British,1,0,0,0,1
744,downing,\N,\N,Ken,Downing,1917-12-05,British,2,0,0,0,1
745,graham_whitehead,\N,\N,Graham,Whitehead,1922-04-15,British,1,0,0,0,0
746,bianco,\N,\N,Gino,Bianco,1916-07-22,Brazilian,4,0,0,0,3
747,murray,\N,\N,David,Murray,1909-12-28,British,4,0,0,0,3
748,cantoni,\N,\N,Eitel,Cantoni,1906-10-04,Uruguayan,3,0,0,0,2
749,aston,\N,\N,Bill,Aston,1900-03-29,British,3,0,0,0,0
750,brudes,\N,\N,Adolf,Brudes,1899-10-15,German,1,0,0,0,1
751,riess,\N,\N,Fritz,Riess,1922-07-11,German,1,0,0,1,0
752,niedermayr,\N,\N,Helmut,Niedermayr,1915-11-29,German,1,0,0,1,0
753,klenk,\N,\N,Hans,Klenk,1919-10-28,German,1,0,0,0,1
754,balsa,\N,\N,Marcel,Balsa,1909-01-01,French,1,0,0,0,1
755,schoeller,\N,\N,Rudolf,Schoeller,1902-04-27,Swiss,1,0,0,0,1
756,pietsch,\N,\N,Paul,Pietsch,1911-06-20,German,3,0,0,0,3
757,peters,\N,\N,Josef,Peters,1914-09-16,German,1,0,0,0,1
758,lof,\N,\N,Dries,van der Lof,1919-08-23,Dutch,1,0,0,0,1
759,flinterman,\N,\N,Jan,Flinterman,1919-10-02,Dutch,2,0,0,0,1
760,dusio,\N,\N,Piero,Dusio,1899-10-13,Italian,1,0,0,0,0
761,crespo,\N,\N,Alberto,Crespo,1920-01-16,Argentine,1,0,0,0,1
762,rol,\N,\N,Franco,Rol,1908-06-05,Italian,5,0,0,0,3
763,sanesi,\N,\N,Consalvo,Sanesi,1911-03-28,Italian,5,0,0,0,5
764,guy_mairesse,\N,\N,Guy,Mairesse,1910-08-10,French,3,0,0,0,3
765,louveau,\N,\N,Henri,Louveau,1910-01-25,French,2,0,0,0,2
766,wallard,\N,\N,Lee,Wallard,1910-09-07,American,2,1,1,1,0
767,forberg,\N,\N,Carl,Forberg,1911-03-04,American,1,0,0,0,1
768,rose,\N,\N,Mauri,Rose,1906-05-26,American,2,0,1,0,2
769,mackey,\N,\N,Bill,Mackey,1927-12-15,American,1,0,0,0,0
770,green,\N,\N,Cecil,Green,1919-09-30,American,2,0,0,0,2
771,walt_brown,\N,\N,Walt,Brown,1911-12-30,American,2,0,0,0,2
772,hellings,\N,\N,Mack,Hellings,1915-09-14,American,2,0,0,0,2
773,levegh,\N,\N,Pierre,Levegh,1905-12-22,French,6,0,0,0,6
774,chaboud,\N,\N,Eugène,Chaboud,1907-04-12,French,3,0,0,0,2
775,gordini,\N,\N,Aldo,Gordini,1921-05-20,French,1,0,0,0,0
776,kelly,\N,\N,Joe,Kelly,1913-03-13,Irish,2,0,0,0,0
777,parker,\N,\N,Philip,Fotheringham-Parker,1907-09-22,British,1,0,0,0,0
778,shawe_taylor,\N,\N,Brian,Shawe Taylor,1915-01-28,British,2,0,0,1,1
779,john_james,\N,\N,John,James,1914-05-10,British,1,0,0,0,0
780,branca,\N,\N,Toni,Branca,1916-09-15,Swiss,3,0,0,0,1
781,richardson,\N,\N,Ken,Richardson,1911-08-21,British,1,0,0,0,0
782,jover,\N,\N,Juan,Jover,1903-11-23,Spanish,1,0,0,0,1
783,grignard,\N,\N,Georges,Grignard,1905-07-25,French,1,0,0,0,1
784,hampshire,\N,\N,David,Hampshire,1917-12-29,British,2,0,0,1,0
785,crossley,\N,\N,Geoff,Crossley,1921-05-11,British,2,0,0,0,0
786,fagioli,\N,\N,Luigi,Fagioli,1898-06-09,Italian,8,1,6,1,7
787,harrison,\N,\N,Cuth,Harrison,1906-07-06,British,3,0,0,0,2
788,fry,\N,\N,Joe,Fry,1915-10-26,British,1,0,0,0,1
789,martin,\N,\N,Eugène,Martin,1915-03-24,French,2,0,0,0,2
790,leslie_johnson,\N,\N,Leslie,Johnson,1912-03-22,British,1,0,0,0,1
791,biondetti,\N,\N,Clemente,Biondetti,1898-08-18,Italian,1,0,0,0,1
792,pian,\N,\N,Alfredo,Pián,1912-10-21,Argentine,1,0,0,0,1
793,sommer,\N,\N,Raymond,Sommer,1906-08-31,French,5,0,0,0,4
794,chitwood,\N,\N,Joie,Chitwood,1912-04-14,American,1,0,0,0,1
795,fohr,\N,\N,Myron,Fohr,1912-06-17,American,1,0,0,0,0
796,ader,\N,\N,Walt,Ader,1913-12-15,American,1,0,0,0,0
797,holmes,\N,\N,Jackie,Holmes,1920-09-04,American,2,0,0,0,1
798,levrett,\N,\N,Bayliss,Levrett,1914-02-14,American,1,0,0,0,0
799,jackson,\N,\N,Jimmy,Jackson,1910-07-25,American,2,0,0,0,2
800,pagani,\N,\N,Nello,Pagani,1911-10-11,Italian,1,0,0,0,1
801,pozzi,\N,\N,Charles,Pozzi,1909-08-27,French,1,0,0,0,1
802,serafini,\N,\N,Dorino,Serafini,1909-07-22,Italian,1,0,1,1,0
803,cantrell,\N,\N,Bill,Cantrell,1908-01-31,American,1,0,0,0,0
804,mantz,\N,\N,Johnny,Mantz,1918-09-18,American,1,0,0,0,1
805,kladis,\N,\N,Danny,Kladis,1917-02-10,American,1,0,0,0,0
806,oscar_gonzalez,\N,\N,Óscar,González,1923-11-10,Uruguayan,1,0,0,0,1
807,hulkenberg,27,HUL,Nico,Hülkenberg,1987-08-19,German,230,0,0,114,106
808,petrov,\N,PET,Vitaly,Petrov,1984-09-08,Russian,58,0,1,22,34
810,grassi,\N,DIG,Lucas,di Grassi,1984-08-11,Brazilian,19,0,0,6,8
811,bruno_senna,\N,SEN,Bruno,Senna,1983-10-15,Brazilian,46,0,0,21,21
812,chandhok,\N,CHA,Karun,Chandhok,1984-01-19,Indian,11,0,0,7,2
813,maldonado,13,MAL,Pastor,Maldonado,1985-03-09,Venezuelan,96,1,1,38,49
814,resta,40,DIR,Paul,di Resta,1986-04-16,British,59,0,0,28,30
815,perez,11,PER,Sergio,Pérez,1990-01-26,Mexican,283,6,39,112,165
816,ambrosio,\N,DAM,Jérôme,d'Ambrosio,1985-12-27,Belgian,20,0,0,9,11
817,ricciardo,3,RIC,Daniel,Ricciardo,1989-07-01,Australian,257,8,32,125,123
818,vergne,25,VER,Jean-Éric,Vergne,1990-04-25,French,58,0,0,25,31
819,pic,\N,PIC,Charles,Pic,1990-02-15,French,39,0,0,18,20
820,chilton,4,CHI,Max,Chilton,1991-04-21,British,35,0,0,10,23
821,gutierrez,21,GUT,Esteban,Gutiérrez,1991-08-05,Mexican,59,0,0,23,30
822,bottas,77,BOT,Valtteri,Bottas,1989-08-28,Finnish,247,10,67,105,138
823,garde,\N,VDG,Giedo,van der Garde,1985-04-25,Dutch,19,0,0,7,11
824,jules_bianchi,17,BIA,Jules,Bianchi,1989-08-03,French,34,0,0,23,10
825,kevin_magnussen,20,MAG,Kevin,Magnussen,1992-10-05,Danish,186,0,1,77,101
826,kvyat,26,KVY,Daniil,Kvyat,1994-04-26,Russian,112,0,3,46,61
827,lotterer,45,LOT,André,Lotterer,1981-11-19,German,1,0,0,0,1
828,ericsson,9,ERI,Marcus,Ericsson,1990-09-02,Swedish,97,0,0,41,50
829,stevens,28,STE,Will,Stevens,1991-06-28,British,19,0,0,8,11
830,max_verstappen,33,VER,Max,Verstappen,1997-09-30,Dutch,209,63,112,151,54
831,nasr,12,NAS,Felipe,Nasr,1992-08-21,Brazilian,40,0,0,19,20
832,sainz,55,SAI,Carlos,Sainz,1994-09-01,Spanish,208,4,27,98,102
833,merhi,98,MER,Roberto,Merhi,1991-03-22,Spanish,13,0,0,7,6
834,rossi,53,RSS,Alexander,Rossi,1991-09-25,American,5,0,0,4,1
835,jolyon_palmer,30,PAL,Jolyon,Palmer,1991-01-20,British,37,0,0,15,20
836,wehrlein,94,WEH,Pascal,Wehrlein,1994-10-18,German,39,0,0,24,13
837,haryanto,88,HAR,Rio,Haryanto,1993-01-22,Indonesian,12,0,0,1,10
838,vandoorne,2,VAN,Stoffel,Vandoorne,1992-03-26,Belgian,42,0,0,19,21
839,ocon,31,OCO,Esteban,Ocon,1996-09-17,French,156,1,4,73,79
840,stroll,18,STR,Lance,Stroll,1998-10-29,Canadian,168,0,3,62,103
841,giovinazzi,99,GIO,Antonio,Giovinazzi,1993-12-14,Italian,62,0,0,21,40
843,brendon_hartley,28,HAR,Brendon,Hartley,1989-11-10,New Zealander,25,0,0,9,15
844,leclerc,16,LEC,Charles,Leclerc,1997-10-16,Monegasque,149,8,43,84,60
845,sirotkin,35,SIR,Sergey,Sirotkin,1995-08-27,Russian,21,0,0,9,11
846,norris,4,NOR,Lando,Norris,1999-11-13,British,128,4,26,81,46
847,russell,63,RUS,George,Russell,1998-02-15,British,128,3,15,76,49
848,albon,23,ALB,Alexander,Albon,1996-03-23,Thai,105,0,2,63,37
849,latifi,6,LAT,Nicholas,Latifi,1995-06-29,Canadian,61,0,0,15,43
850,pietro_fittipaldi,51,FIT,Pietro,Fittipaldi,1996-06-25,Brazilian,2,0,0,0,2
851,aitken,89,AIT,Jack,Aitken,1995-09-23,British,1,0,0,1,0
852,tsunoda,22,TSU,Yuki,Tsunoda,2000-05-11,Japanese,90,0,0,39,49
853,mazepin,9,MAZ,Nikita,Mazepin,1999-03-02,Russian,22,0,0,5,16
854,mick_schumacher,47,MSC,Mick,Schumacher,1999-03-22,German,44,0,0,29,13
855,zhou,24,ZHO,Guanyu,Zhou,1999-05-30,Chinese,68,0,0,26,40
856,de_vries,21,DEV,Nyck,de Vries,1995-02-06,Dutch,11,0,0,3,8
857,piastri,81,PIA,Oscar,Piastri,2001-04-06,Australian,46,2,10,13,33
858,sargeant,2,SAR,Logan,Sargeant,2000-12-31,American,36,0,0,5,29
859,lawson,30,LAW,Liam,Lawson,2002-02-11,New Zealander,11,0,0,6,5
860,bearman,38,BEA,Oliver,Bearman,2005-05-08,British,3,0,0,2,1
861,colapinto,43,COL,Franco,Colapinto,2003-05-27,Argentinian ,9,0,0,4,4
862,doohan,61,DOO,Jack,Doohan,2003-01-20,Australian,1,0,0,0,1
